,x-,y-,z-,x+,y+,z+,type,Pozent
0,3.0499545484781265,20.61974972486496,30.805576145648956,12.05326110124588,29.962088465690613,35.0,2.0,0.9999477863311768
1,0.0,0.09973838925361633,30.690877102315426,14.529671669006348,9.795879870653152,35.0,14.0,0.9998378753662109
2,17.935832738876343,17.905739843845367,30.73141749948263,35.0,35.0,35.0,14.0,0.9996850490570068
