,x-,y-,z-,x+,y+,z+,type,Pozent
0,0.0,0.09327858686447144,30.698732286691666,14.518249928951263,9.828506410121918,35.0,14.0,0.9998241066932678
1,7.497186362743378,18.26483726501465,30.502869784832,32.374261915683746,27.305009961128235,35.0,10.0,0.9994819760322571
