,x-,y-,z-,x+,y+,z+,type,Pozent
0,3.176381215453148,22.91554033756256,30.66962406039238,12.100838124752045,32.15525031089783,35.0,2.0,0.9999319314956665
1,3.0220750719308853,2.627863883972168,31.05408139526844,12.163297832012177,12.066719979047775,35.0,2.0,0.9998008608818054
