,x-,y-,z-,x+,y+,z+,type,Pozent
0,23.895533978939056,3.7166237831115723,30.68067368119955,31.20447963476181,11.14816278219223,35.0,2.0,0.9999245405197144
1,0.0,0.0,30.555242374539375,19.666008353233337,11.63603588938713,35.0,14.0,0.9984768033027649
