,x-,y-,z-,x+,y+,z+,type,Pozent
0,2.833704501390457,6.016964316368103,30.489127710461617,12.018462866544724,15.209047198295593,35.0,2.0,0.9998086094856262
1,6.294092237949371,22.201499044895172,30.84811795502901,21.26379817724228,31.452351212501526,35.0,10.0,0.9996029734611511
