,x-,y-,z-,x+,y+,z+,type,Pozent
0,0.0,26.750604957342148,26.177968978881836,34.67198848724365,35.0,34.82514202594757,16.0,0.9996258020401001
